Studio,Date,Headcount,Parent,Type,Studio Location,Parent Location,Source,
Machine Zone,2025-04-16,97,App Lovin,Mobile,California,United States,Machine Zone CEO out as AppLovin lays off 97 staff | PocketGamer.biz,"AppLovin cuts another 97 jobs, including CEO of subsidiary studio Machine Zone | GamesIndustry.biz"
Eidos Montreal,2025-03-31,75,Embracer Group,Console,,,,
"Cyan, Inc.",2025-03-28,12,,Indie,,,,
PLAION,2025-03-27,40,Embracer Group,Publisher,Munich,,,
Crystal Dynamics,2025-03-26,17,Embracer Group,Console,,,,
Elodie Games,2025-03-19,35,,Indie,,,,
Studio Fizbin,2025-03-18,25,Thunderful Group,Console,,,,
Farm51,2025-03-14,15,,Indie,,,,
Mountaintop Studios,2025-03-14,80,,Online,,,,
Box Dragon,2025-03-13,5,,Indie,,,,
FreeRange Games,2025-03-13,,,Indie,,,,
PlayStation Malaysia,2025-03-05,20,Sony,Console,,,,
PlayStation VASG,2025-03-04,,Sony,Console,,,,
Azra Games Austin,2025-02-26,40,Azra,Mobile,,,,
SpaceApe Games,2025-02-25,30,SuperCell,Mobile,,,,
WB San Diego,2025-02-25,51,Warner Brothers,Online,,,,
Player First Games,2025-02-25,70,Warner Brothers,Console,,,,
Monolith Productions,2025-02-25,170,Warner Brothers,Console,,,,
Skeleton Key Games,2025-02-24,,Hasbro,Console,,,,
Striking Distance Studios,2025-02-20,30,Krafton,Console,,,,
Bossa Games,2025-02-20,,,Indie,,,,
Liquid Sword,2025-02-17,46,,Indie,,,,
Netease,2025-02-17,10,Netease,Console,,,,
Sanzaru Games,2025-02-12,,Meta,,,,,
Crytek,2025-02-12,60,,Console,,,,
Unity Technologies,2025-02-11,,Unity,Tech,,,,
10:10 Games,2025-02-07,18,,Indie,,,,
HiRez Studios,2025-02-06,69,,Online,,,,
Iron Galaxy,2025-02-05,66,,Console,,,,
probablyMonsters,2025-02-04,,,Console,,,,
Sumo Group,2025-02-04,,Tencent,Console,,,,
Midnight Society,2025-01-30,55,,Online,,,,
Bioware Games,2025-01-30,,Electronic Arts,Console,,,,
Fast Travel Games,2025-01-28,30,,AR/VR,,,,
Phoenix Labs,2025-01-27,50,Forte,Online,,,,
MoonActive,2025-01-27,20,,Mobile,,,https://app2top.ru/news/v-kompanii-moon-active-proshli-massovy-e-sokrashheniya-v-pervuyu-ochered-oni-kosnulis-litovskogo-podrazdeleniya-kotoroe-ran-she-by-lo-studiej-melsoft-227071.html,
Ubisoft Leamington,2025-01-27,185,Ubisoft,Console,,,https://www.eurogamer.net/ubisoft-announces-studio-closure-as-it-lays-off-185-staff,
Machine Zone,2025-01-21,89,App Lovin,Mobile,California,United States,https://www.bizjournals.com/sanjose/news/2025/01/16/applovin-layoff-2025-ceo-mz-games.html,
Reflector Entertainment,2025-01-21,,Bandai Namco,Console,Quebec,Japan,https://www.gamedeveloper.com/business/reflector-confirms-more-layoffs-after-unknown-9-falls-short-of-expectations,
Unchained Entertainment,2025-01-17,24,,Indie,,,Camelot Unchained studio Unchained Entertainment reportedly laid off 40% of its devs | Massively Overpowered,
Wargaming USA,2025-01-15,,Wargaming,Console,Chicago,,World of Tanks Developer Wargaming Hit With Layoffs,
Counterplay Games,2025-01-13,,,Indie,California,United States,Report: Godfall dev Counterplay Games has quietly closed down,
Highwire Games,2025-01-10,21,,Console,,,(21) Post | LinkedIn,
Toadman Interactive,2025-01-09,69,Enad Global 7,Console,Sweden,Sweden,https://www.enadglobal7.com/press-releases/enad-global-7-initiates-a-wind-down-of-the-operations-in-toadman/,
Pirahna Games,2025-01-09,38,Enad Global 7,Console,British Columbia,Sweden,https://www.enadglobal7.com/press-releases/eg7-undertakes-business-optimization-at-one-of-its-studios/,
Freejam,2025-01-09,,,Indie,,,https://www.gamedeveloper.com/business/robocraft-2-developer-freejam-shuts-down,
Splash Damage,2025-01-08,,Tencent,Console,United Kingdom,China,https://www.gamesindustry.biz/splash-damage-jobs-at-risk-following-transformers-reactivate-cancellation,
Jar of Sparks,2025-01-06,35,Netease,Console,,,https://www.linkedin.com/posts/jar-of-sparks_earlier-today-we-notified-our-team-that-activity-7282184211237613572-Rzqx?utm_source=share&utm_medium=member_desktop,
Netmarble F&C,2025-01-02,20,Netmarble,Mobile,South Korea,South Korea,https://www.yna.co.kr/view/AKR20250102076600017?section=industry/game,
Deck Nine Games,2024-12-06,,,Indie,Colorado,United States,,
Sweet Bandits,2024-12-04,10,,Indie,Qeuebec,Canada,,
IllFonic,2024-12-04,,,Indie,Colorado,United States,,
Ubisoft Sydney,2024-12-04,134,Ubisoft,Console,Australia,France,,
Ubisoft Osaka,2024-12-03,,Ubisoft,Console,Japan,France,,
Ubisoft San Francisco,2024-12-03,175,Ubisoft,Console,California,France,,
Torn Banner Studios,2024-12-03,,,Indie,Ottawa,Canada,,
Worlds Untold,2024-11-26,35,Netease,Console,British Columbia,China,,
Humanoid Origin,2024-11-25,70,,Console,Alberta,Canada,,
KING Art Games,2024-11-25,10,,Indie,Germany,Germany,,
Zapper Games,2024-11-19,18,Embracer Group,Console,North Carolina,Sweden,,
Reflector Entertainment,2024-11-18,45,Bandai Namco,Console,Quebec,Japan,,
NCSoft,2024-11-15,500,NCSoft,Online,South Korea,South Korea,,
Thunderful Games,2024-11-14,100,Thunderful Group,Console,Sweden,Sweden,,
Lilith Games,2024-11-13,40,,Mobile,China,China,,
Heart Machine,2024-11-09,8,,Indie,California,United States,,
Skydance Interactive,2024-11-01,12,Paramount Global,AR/VR,California,United States,,
probablyMonsters,2024-10-30,50,,Console,Washington,United States,,
Fingersoft,2024-10-30,14,,Mobile,Finland,Finland,,
Firewalk Studios,2024-10-29,174,Sony,Console,Washington,Japan,,
Neon Koi,2024-10-29,45,Sony,Mobile,England,Japan,,
Machine Zone,2024-10-24,,App Lovin,Mobile,California,United States,,
Inflexion Games,2024-10-22,50,Tencent,Console,Alberta,China,,
Netflix Studio Blue,2024-10-22,35,Netflix,Online,California,United States,,
Surgent Studios,2024-10-18,,,Indie,England,United Kingdom,,
DON'T NOD,2024-10-16,69,,Console,France,France,,
Riot Games,2024-10-15,32,Tencent,Online,California,China,,
NaturalMotion,2024-10-10,,Take-Two Interactive,Mobile,England,United States,,
Cryptic Studios,2024-10-09,,Embracer Group,Online,California,Sweden,,
Tequila Works,2024-10-08,,Tencent,Console,Spain,China,,
Antstream Arcade,2024-10-04,,,Online,England,United Kingdom,,
Studio Black Flag,2024-10-02,5,,Indie,France,France,,
XR Games,2024-10-01,72,,AR/VR,England,United Kingdom,,
HiRez Studios,2024-10-01,70,Hirez Ventures,Online,Georgia,United States,,
Sharkmob London,2024-10-01,,Tencent,Console,England,China,,
Nexon America,2024-09-30,,Nexon,Publisher,California,South Korea,,
Merge Games,2024-09-26,,Maximum Entertainment,Publisher,England,Sweden,,
Mountaintop Studios,2024-09-23,13,,Online,Washington,United States,,
Airship Syndicate,2024-09-18,16,,Indie,Texas,United States,,
SkyBox Labs,2024-09-18,25,Netease,Online,British Columbia,China,,
Midwinter Entertainment,2024-09-17,35,Behaviour Interactive,Console,Washington,Canada,,
Evening Star,2024-09-13,6,,Indie,,United States,,
Microsoft Game Studios Gaming,2024-09-12,650,Microsoft Game Studios,Publisher,Washington,United States,,
Neon Machine,2024-09-12,35,,Indie,Washington,United States,,
Midnight Society,2024-09-11,,,Online,California,United States,,
Lost Boys Interactive,2024-09-06,139,Embracer Group,Console,Wisconsin,Sweden,,
Tilting Point,2024-09-02,90,,Mobile,New York,United States,,
Ballistic Moon Ltd.,2024-08-30,,,Console,England,United Kingdom,,
Ouka Studios,2024-08-28,,Netease,Console,Japan,China,,
Toadman Interactive,2024-08-28,,Enad Global 7,Console,Norway,Sweden,,
Toadman Interactive,2024-08-28,100,Enad Global 7,Console,Sweden,Sweden,,
Visual Concepts,2024-08-23,22,Take-Two Interactive,Console,California,United States,,
CodeName Entertainment,2024-08-16,6,,Indie,British Columbia,Canada,,
Ubisoft San Francisco,2024-08-15,45,Ubisoft,Console,California,France,,
Machine Zone,2024-08-15,,App Lovin,Mobile,California,United States,,
Archiact,2024-08-12,12,,AR/VR,British Columbia,Canada,,
Com2Us,2024-08-09,100,Com2Us,Mobile,South Korea,South Korea,,
Ready at Dawn,2024-08-08,,Meta,AR/VR,California,United States,,
Jam City,2024-08-02,85,Netmarble,Mobile,California,South Korea,,
probablyMonsters,2024-08-01,,,Console,Washington,United States,,
Bungie,2024-07-31,220,Sony,Console,Washington,Japan,,
Lively Studio,2024-07-29,,Keywords Studios,Mobile,United Kingdom,Ireland,,
Humble Games,2024-07-23,36,Ziff Davis,Publisher,California,United States,,
NetherRealm Studios,2024-07-17,50,Warner Brothers,Console,Illinois,United States,,
Rumble Games,2024-07-12,35,Forte,Mobile,California,United States,,
Splash Damage,2024-07-11,,Splash Damage Group Limited,Console,England,United Kingdom,,
Wicked Games AG.,2024-07-03,15,,Indie,Switzerland,Switzerland,,
Surgent Studios,2024-07-02,12,,Indie,England,United Kingdom,,
Ubisoft Toronto,2024-06-27,33,Ubisoft,Console,Ottawa,France,,
GameLoft Toronto,2024-06-26,49,Viacom,Mobile,Ottawa,France,,
Paradox Tectonic,2024-06-18,18,Paradox Interactive,Console,California,Sweden,,
Techland,2024-06-18,,Tencent,Console,Poland,China,,
Pieces Interactive AB,2024-06-17,40,Embracer Group,Console,Sweden,Sweden,,
Striking Distance Studios,2024-06-14,10,Krafton,Console,California,South Korea,,
Galvanic Games Inc.,2024-06-14,,,Indie,Washington,United States,,
VRChat,2024-06-12,50,,AR/VR,California,United States,,
Archiact,2024-06-12,,,AR/VR,British Columbia,Canada,,
Sumo Group,2024-06-11,150,Tencent,Console,United Kingdom,China,,
Timbre Games,2024-06-11,100,Tencent,Console,British Columbia,China,,
GameLoft Kharkiv,2024-06-05,41,Vivendi,Mobile,Ukraine,France,,
Behaviour Interactive,2024-06-04,95,,Console,Quebec,Canada,,
Avalanche Studios,2024-06-03,,Avalanche Studios Group,Console,Quebec,Sweden,,
Avalanche Studios,2024-06-03,50,Avalanche Studios Group,Console,New York,Sweden,,
Fall Damage,2024-05-23,50,Fragbite,Online,Sweden,Sweden,,
Hatchery Games,2024-05-23,13,,Indie,Quebec,Canada,,
Singularity 6,2024-05-16,36,,Online,California,United States,,
GameLoft Cluj,2024-05-16,136,Vivendi,Mobile,Romania,France,,
Phoenix Labs,2024-05-16,162,Forte,Console,British Columbia,United States,,
Studio Wildcard,2024-05-15,6,SDE Inc.,Console,Washington,United States,,
Mighty Kingdom,2024-05-13,25,,Mobile,Australia,Australia,,
CI Games,2024-05-10,30,,Indie,Poland,Poland,,
Dawon Interactive,2024-05-08,,Prytania Media,Indie,India,United States,,
Lightforge Games,2024-05-08,35,,Online,California,United States,,
Bethesda Softworks,2024-05-07,,Microsoft Game Studios,Publisher,Maryland,United States,,
Tango GameWorks,2024-05-07,150,Microsoft Game Studios,Console,Japan,United States,,
Alpha Dog Games,2024-05-07,25,Microsoft Game Studios,Mobile,Nova Scotia,United States,,
Arkane Austin,2024-05-07,60,Microsoft Game Studios,Console,Texas,United States,,
Paladin Studios,2024-05-02,45,,Indie,Netherlands,Netherlands,,
Playtika Belarus,2024-04-30,150,PlayTika,,Belarus,Israel,,
Keoken Interactive,2024-04-30,13,,Indie,Netherlands,Netherlands,,
NCSoft,2024-04-26,,NCSoft,Publisher,South Korea,South Korea,,
Bethesda France,2024-04-23,15,Microsoft Game Studios,Publisher,France,United States,,
Flaming Fowl Studios,2024-04-23,20,,Indie,England,United Kingdom,,
ModernWolf,2024-04-18,6,,Publisher,,,,
Take-Two Interactive,2024-04-17,600,Take-Two Interactive,Publisher,,United States,,
Kwalee,2024-04-16,40,,Mobile,England,United Kingdom,,
Possibility Space,2024-04-12,50,Prytania Media,Indie,Louisiana,United States,,
Ubisoft Korea,2024-04-09,,Ubisoft,Publisher,South Korea,France,,
Singularity 6,2024-04-04,49,,Online,California,California,,
Relic Entertainment,2024-04-04,40,,Indie,British Columbia,Canada,,
MI-CLOS Studio,2024-04-03,20,,Indie,France,France,,
Whitethorn Games,2024-04-03,5,,Publisher,Pennsylvania,United States,,
Spearhead Games,2024-04-03,31,,Indie,Quebec,Canada,,
Ubisoft,2024-04-02,45,Ubisoft,Publisher,,France,,
Bold Spirit Game Studio,2024-04-01,30,,Indie,Quebec,Canada,,
Sega HARDLight,2024-03-28,,SEGA,Mobile,England,Japan,,
Creative Assembly,2024-03-28,240,SEGA,Console,England,Japan,,
Certain Affinity,2024-03-28,25,,Indie,Texas,Texas,,
Gearbox Publishing,2024-03-28,,Take-Two Interactive,Publisher,Texas,United States,,
Smilegate Barcelona,2024-03-27,45,Smilegate,Console,Spain,South Korea,,
Tarsier Studios,2024-03-22,,Embracer Group,Console,Sweden,Sweden,,
Velan Studios,2024-03-17,46,,Indie,New York,United States,,
Happy Volcano,2024-03-17,8,,Indie,Belgium,Belgium,,
Something Wicked Games,2024-03-15,40,,Indie,Maryland,United States,,
Sega of America,2024-03-08,61,SEGA,Publisher,California,United States,,
Deviation Games,2024-03-08,50,,Console,California,United States,,
ZA/UM,2024-03-06,24,,Indie,,United Kingdom,,
Babaroga Games,2024-03-01,4,,Indie,Illinois,United States,,
Radical Forge,2024-03-01,6,,Indie,England,United Kingdom,,
FrogSong Studios,2024-03-01,25,,Indie,Sweden,Sweden,,
505 Games,2024-02-29,,Digital Bros,Publisher,Italy,Italy,,
Keoken Interactive,2024-02-29,4,,Indie,Netherlands,Netherlands,,
Wildlife Studios,2024-02-28,130,,Mobile,,Brazil,,
Electronic Arts,2024-02-28,670,Electronic Arts,Publisher,,United States,,
Deck Nine Games,2024-02-27,25,,Console,Colorado,United States,,
PlayStation London,2024-02-27,,,Console,England,Japan,,
PlayStation Studios,2024-02-27,900,Sony,Console,,Japan,,
Die Gut Fabrik,2024-02-26,10,,Indie,Denmark,Denmark,,
SuperMassive Games,2024-02-26,90,,Console,England,United Kingdom,,
CodeMasters,2024-02-23,,Electronic Arts,Mobile,England,United States,,
GameLoft Lviv,2024-02-21,38,Viacom,Mobile,Ukraine,France,,
Disruptive Games,2024-02-21,,,Console,California,United States,,
Build a Rocket Boy,2024-02-19,,,Console,,United Kingdom,,
Noggin,2024-02-16,,Paramount Global,Online,,United States,,
Scopely,2024-02-14,15,Savvy Games Group,Mobile,California,Saudi Arabia,,
Daybreak Games,2024-02-12,15,Enad Global 7,Online,California,Sweden,,
Genvid Technologies,2024-02-12,,,Online,,United States,,
Threshold Games,2024-02-09,11,,Indie,,United States,,
GameScience,2024-02-07,10,Prytania Media,Indie,,United States,,
Hidden Path Entertainment,2024-02-07,44,,Indie,Washington,United States,,
91Act,2024-02-07,15,,Indie,,China,,
Cloud Imperium Games,2024-02-06,,,Indie,,United States,,
Visual Concepts,2024-02-06,,Take-Two Interactive,Console,Texas,United States,,
Crop Circle Games,2024-02-05,,Prytania Media,Indie,,United States,,
Chimera Entertainment,2024-02-01,20,Remote Control Productions,Mobile,,,,
Threaks,2024-02-01,25,,Indie,Germany,Germany,,
Artificer,2024-01-31,,Devolver Digital,Console,,,,
Airship Syndicate,2024-01-31,12,,Indie,Texas,United States,,
Rovio Montreal,2024-01-31,12,SEGA,Mobile,,Japan,,
Starword Industries,2024-01-30,15,,Console,Poland,Poland,,
Nimble Giant,2024-01-30,,Embracer Group,Console,,Sweden,,
Eidos Montreal,2024-01-29,97,Embracer Group,Console,Quebec,Sweden,,
Black Forest Games,2024-01-25,40,Embracer Group,Console,,Sweden,,
Activision Blizzard,2024-01-25,1900,Microsoft Game Studios,Console,,United States,,
Plarium,2024-01-24,45,Aristocrat Games,Mobile,,,,
People Can Fly Studios,2024-01-24,30,,Console,,,,
Warducks,2024-01-23,10,,Mobile,Ireland,Ireland,,
Little Red Dog Games,2024-01-22,30,,Console,,,,
Riot Games,2024-01-22,530,Tencent,Online,California,China,,
Chief Rebel,2024-01-19,,,Indie,,,,
Metaverse World,2024-01-19,70,Netmarble,Online,South Korea,South Korea,,
Ntreev Soft,2024-01-18,70,NCSoft,Online,South Korea,South Korea,,
31st Union,2024-01-18,,Take-Two Interactive,Console,,United States,,
CI Games,2024-01-18,30,,Console,,,,
Behaviour Interactive,2024-01-18,45,,Console,Quebec,Canada,,
Wimo Games,2024-01-17,20,,Online,Texas,United States,,
Netspeak Games,2024-01-17,25,,Indie,,,,
Thunderful Group,2024-01-17,75,Thunderful Group,Publisher,,Sweden,,
Pixelberry,2024-01-17,,Nexon,Mobile,California,South Korea,,
Prahna Bytes,2024-01-16,,Embracer Group,Console,Sweden,Sweden,,
PTW,2024-01-16,45,,Publisher,,,,
Nesting Games,2024-01-12,68,Digital Bros,Console,Quebec,Italy,,
Lost Boys Interactive,2024-01-12,125,Embracer Group,Console,Wisconsin,Sweden,,
Playtika,2024-01-11,350,PlayTika,Mobile,Israel,Israel,,
Twitch,2024-01-10,500,Amazon,Online,California,United States,,
Unity Technologies,2024-01-08,1800,Unity,Tech,California,United States,,
Sliptegate Iron Works,2024-01-03,,Embracer Group,Console,Sweden,Sweden,,
Archiact,2024-01-02,20,,AR/VR,British Columbia,Canada,,
Lion Games,2023-12-26,60,,Mobile,South Korea,South Korea,,
Versus Evil,2023-12-22,13,TinyBuild,Publisher,Maryland,United States,,
First Contact Entertainment,2023-12-21,40,,AR/VR,California,United States,,
Wonderstorm Inc.,2023-12-18,,,Console,California,United States,,
3D Realms / Slipgate Ironworks,2023-12-14,,Embracer Group,Console,Denmark,Sweden,,
Triple Topping Games,2023-12-08,10,,Indie,Denmark,Denmark,,
Funselektor Labs,2023-12-06,3,,Indie,Australia,Australia,,
League of Geeks,2023-12-06,29,,Indie,Australia,Australia,,
Rovio Montreal,2023-12-05,16,SEGA,Console,Quebec,Japan,,
HakJak Studios,2023-12-05,16,TinyBuild,Mobile,Idaho,United States,,
New World Intertactive,2023-12-04,,Embracer Group,Console,Colorado,Sweden,,
CodeMasters,2023-12-04,,Electronic Arts,Console,England,United States,,
Age of Learning Inc.,2023-12-04,,ABC Mouse,Online,California,United States,,
IGUO Mobile Entertainment,2023-12-01,8,Embracer Group,Mobile,British Columbia,Sweden,,
Bossa Studios,2023-11-30,19,,Indie,England,United Kingdom,,
Phoenix Labs,2023-11-30,35,,Online,British Columbia,Canada,,
Fishlabs,2023-11-28,50,Embracer Group,Console,Germany,Sweden,,
Weta Digital,2023-11-28,265,Unity,Tech,New Zealand,United States,,
Zhoaoxi Guangnian (Nuverse),2023-11-27,1000,ByteDance,Online,China,China,,
NanoReality Games Ltd.,2023-11-24,,,Mobile,Cyprus,Cyprus,,
Wildlife Studios,2023-11-22,300,,Mobile,Brazil,Brazil,,
Papukaya,2023-11-20,5,,Mobile,Finland,Finland,,
Dark Slope,2023-11-17,7,,AR/VR,Ontario,Canada,,
Two Desperados,2023-11-16,20,,Indie,Serbia,Serbia,,
Embracer Placeholder,2023-11-16,473,Embracer Group,Publisher,Sweden,Sweden,,
Blackbird Interactive,2023-11-15,30,,Indie,British Columbia,Canada,,
Digital Bros Group,2023-11-14,130,,Publisher,Italy,Italy,,
Kongregate,2023-11-14,20,Modern Times Group,Online,California,Sweden,,
Humble Games,2023-11-14,,Humble Bundle,Publisher,,United States,,
Amazon Games,2023-11-13,180,Amazon,Publisher,,United States,,
Digital Extremes,2023-11-09,30,Leyou,Online,Ottawa,China,,
Free Radical Design,2023-11-08,80,Embracer Group,Console,England,Sweden,,
Ubisoft Montreal,2023-11-07,135,Ubisoft,Console,Montreal,France,,
Cryptic Studios,2023-11-02,,Embracer Group,Online,California,Sweden,,
Chimera Entertainment,2023-11-02,15,Remote Control Productions,Mobile,Germany,Germany,,
DR Studios,2023-10-31,,505 Games,Console,England,United States,,
Bungie,2023-10-30,100,Sony Entertainment,Console,Washington State,Japan,,
MotorSport Games,2023-10-29,38,MotorSport Network,Console,Florida,United States,,
LuoBu,2023-10-23,15,Roblox,Online,China,United States,,
LevelEx,2023-10-23,14,BrainLab,Mobile,Illinois,United States,,
Media Molecule,2023-10-18,20,Sony Entertainment,Console,England,Japan,,
PlayStation VASG,2023-10-18,,Sony Entertainment,Console,California,Japan,,
Six  to Start,2023-10-18,12,OliveX,Mobile,England,Hong Kong,,
Frontier Developments,2023-10-17,,,Console,England,United Kingdom,,
Zen Studios,2023-10-13,32,Embracer Group,Console,Hungary,Sweden,,
ForeVR Games,2023-10-12,5,,AR/VR,California,United States,,
Drifter Entertainment,2023-10-06,15,,Indie,Washington State,United States,,
Rogue Games Inc,2023-10-05,10,,Publisher,California,United States,,
Calypte,2023-10-05,15,Virtuos,Publisher,California,China,,
Hyper Hippos Entertainment,2023-10-04,30,,Mobile,British Columbia,Canada,,
Twitch,2023-10-03,35,Amazon,Online,California,United States,,
Dang!,2023-10-02,5,,Indie,New York,United States,,
Team17,2023-10-02,,Team17,Publisher,England,England,,
Fishlabs,2023-09-30,8,Embracer Group,Console,Germany,Sweden,,
Ubisoft Redstorm,2023-09-28,6,Ubisoft,Publisher,North Carolina,France,,
Epic Games,2023-09-28,830,Epic,Tech,North Carolina,United States,,
Other Ocean Interactive,2023-09-27,,Other Ocean Group Inc,Indie,California,United States,,
Maze Theory,2023-09-27,12,Emergent Entertainment,AR/VR,England,United Kingdom,,
Noggin,2023-09-27,30,Paramount Global,Online,,United States,,
Blizzard Entertainment,2023-09-25,10,Activision Blizzard King,Console,California,United States,,
Naughty Dog,2023-09-22,,Sony Entertainment,,California,Japan,,
Crystal Dynamics,2023-09-20,10,Embracer Group,Console,California,Sweden,,
probablyMonsters,2023-09-15,55,,Indie,Washington State,United States,,
BeamDog,2023-09-15,23,Embracer Group,Console,Washington State,Sweden,,
DoubleDown Interactive,2023-09-15,25,DoubleU Games Co Ltd.,Mobile,Washington State,United States,,
Ascendant Studios,2023-09-14,50,,Console,California,United States,,
Ubisoft London,2023-09-14,54,Ubisoft,Mobile,England,France,,
Visual Concepts,2023-09-12,,Take-Two Interactive,Console,Texas,United States,,
Telltale Games,2023-09-08,,,Indie,California,United States,,
Demiurge Studios,2023-09-08,5,,Indie,Massachusetts,United States,,
Volition,2023-08-31,240,Embracer Group,Console,Illinois,Sweden,,
Rainbow Studios,2023-08-31,15,Embracer Group,Console,Arizona,Sweden,,
Keywords Edmonton,2023-08-31,13,Keywords Studios,Publisher,Alberta,United Kingdom,,
Romino Games,2023-08-30,25,,Indie,Netherlands,Netherlands,,
Gearbox Publishing,2023-08-30,,Embracer Group,Publisher,Texas,Sweden,,
Mimimi,2023-08-29,30,,Indie,Germany,Germany,,
Blackbird Interactive,2023-08-29,90,,Indie,British Columbia,Canada,,
EastSide Games,2023-08-29,28,,Mobile,British Columbia,Canada,,
Bioware Games,2023-08-23,50,Electronic Arts,Console,Alberta,United States,,
Vela Games,2023-08-21,45,,Online,Ireland,United Kingdom,,
Imagendary Studios,2023-08-11,55,FunPlus,Console,California,China,,
Campfire Cabal,2023-08-08,18,Embracer Group,Console,Sweden,Sweden,,
Action Squad Studios,2023-08-05,14,,Indie,Finland,Finland,,
Popcore,2023-07-31,,Take-Two Interactive,Mobile,Germany,United States,,
Striking Distance Studios,2023-07-31,32,Krafton,Console,California,South Korea,,
CD Projekt Red,2023-07-26,100,CD Projekt,Console,Poland,Poland,,
Double Stallion Games,2023-07-20,10,,Indie,Quebec,Canada,,
Activision Blizzard,2023-07-19,50,Activision Blizzard King,Publisher,California,United States,,
Product Madness,2023-07-11,25,Aristocrat Games,Online,Nevada,United States,,
Adglobe Montreal,2023-07-06,29,Skeleton Crew,AR/VR,Quebec,Japan,,
TavroxGames,2023-07-01,4,,Indie,France,France,,
A Thinking Ape,2023-07-01,5,Embracer Group,Mobile,British Columbia,Sweden,,
Harebrained Schemes,2023-07-01,40,Paradox Interactive,Indie,Washington State,Sweden,,
Puny Human,2023-06-30,14,,Indie,North Carolina,United States,,
LifeForce Games,2023-06-30,13,,Indie,,,,
Daedalic Entertainment,2023-06-30,25,Nacon,Console,Germany,France,,
JumpStart Games,2023-06-30,60,NetDragon Websoft,Online,California,China,,
Ludia,2023-06-29,45,Jam City,Mobile,Quebec,United States,,
Niantic,2023-06-29,230,Niantic,AR/VR,California,United States,,
Elodie Games,2023-06-28,,,Online,California,United States,,
HiRez Ventures,2023-06-27,50,,Online,Georgia,United States,,
Wildseed Games,2023-06-23,15,,Online,California,United States,,
Scavenger Studios,2023-06-21,20,,Indie,Quebec,Canada,,
Bilibili Guangzhou Xinyuan,2023-06-16,220,Bilibili,Online,China,China,,
ProbablyMonsters,2023-06-15,35,,Online,Washington State,United States,,
Wildlife Studios,2023-06-15,143,Wildlife Studios,Mobile,Brazil,Brazil,,
Kiloo Games,2023-06-14,55,,Mobile,Denmark,Denmark,,
Hellbent Games,2023-06-12,40,,Indie,British Columbia,Canada,,
The Game Band,2023-06-03,,,Console,California,United States,,
Firemonkeys,2023-06-01,45,Electronic Arts,Mobile,Australia,United States,,
BonusXP,2023-06-01,48,Netflix,Console,Texas,United States,,
Vanpool,2023-05-31,,,Console,Japan,Japan,,
Firaxis Games,2023-05-30,30,Take-Two Interactive,Console,Massachusetts,United States,,
PlayStation San Diego,2023-05-26,,Sony Entertainment,Console,California,Japan,,
Antimatter Games,2023-05-25,53,Enad Global 7,Console,England,Sweden,,
Kabam,2023-05-24,,Netmarble,Mobile,British Columbia,South Korea,,
Plucky Bytes,2023-05-23,,Embracer Group,Console,Sweden,Sweden,,
Relic Games,2023-05-23,121,SEGA,Console,British Columbia,Japan,,
Resolution Games,2023-05-22,70,,AR/VR,Sweden,Sweden,,
Deck Nine Games,2023-05-19,30,,Console,Colorado,United States,,
Brace Yourself Games,2023-05-18,21,,Console,British Columbia,Canada,,
Deviation Games,2023-05-12,90,,Console,Los Angeles,United States,,
The Molasses Flood,2023-05-11,29,CD Projekt,Console,Massachusetts,Poland,,
Ubisoft,2023-05-10,60,Ubisoft,Publisher,,France,,
Final Strike Games,2023-05-09,30,,Console,California,United States,,
Unity Technologies,2023-05-02,600,Unity,Online,California,United States,,
PixelOpus,2023-05-01,20,Sony Entertainment,Console,California,Japan,,
We're Five Games,2023-05-01,14,TinyBuild,Console,Minneapolis,United States,,
PlayStudios,2023-05-01,100,PlayStudios,Mobile,Nevada,United States,,
Phoenix Labs,2023-04-25,30,Garena,Online,British Columbia,Singapore,,
Ten Square Games,2023-04-21,105,,Mobile,Wroclaw,Poland,,
Downpour Interactive,2023-04-20,,Meta,AR/VR,Washington State,United States,,
Ready at Dawn,2023-04-20,30,Meta,AR/VR,California,United States,,
CyberConnect2 Montreal,2023-04-17,55,CyberConnect2,Console,Quebec,Japan,,
Innogames,2023-04-14,75,,Mobile,Germany,Germany,,
Bungie,2023-04-14,,Sony Entertainment,Console,Washington State,Japan,,
Counterplay Games,2023-04-04,,,Indie,California,United States,,
Paradox Games,2023-04-04,36,Paradox Interactive,Indie,Sweden,Sweden,,
Amazon Game Studios,2023-04-04,100,Amazon,Publisher,California,United States,,
Electronic Arts,2023-03-30,775,,Publisher,,United States,,
LINE games,2023-03-30,30,Naver,Online,South Korea,South Korea,,
Twitch,2023-03-20,400,Amazon,Online,California,United States,,
Team17,2023-03-17,,Team17,Publisher,England,United Kingdom,,
Private Division,2023-03-07,,Take-Two Interactive,Publisher,California,United States,,
GameLoft Budapest,2023-03-01,100,GameLoft,Mobile,Hungary,France,,
EA Baton Rouge,2023-02-28,200,Electronic Arts,Publisher,Lousiana,United States,,
PUBG Santa Monica,2023-02-24,5,Krafton,Online,California,South Korea,,
Survios,2023-02-13,35,,AR/VR,California,United States,,
Big Run Studios,2023-02-02,25,,Mobile,California,United States,,
Nexon Games West,2023-02-02,80,Nexon,Online,California,South Korea,,
Hyper Hippos Entertainment,2023-02-01,10,,Mobile,British Columbia,Canada,,
Mutant Arm Studios,2023-02-01,31,,Indie,Oregon,United States,,
EA Industrial Toys,2023-01-31,150,Electronic Arts,Mobile,California,United States,,
Respawn Entertainment,2023-01-31,,Electronic Arts,Mobile,California,United States,,
Wicked Realm Games,2023-01-30,60,Tilting Point,Mobile,Massachusetts,United States,,
Hidden Leaf Games,2023-01-25,30,,Indie,California,United States,,
Roblox,2023-01-20,30,,Tech,California,United States,,
HiRez Games,2023-01-19,,,Online,Georgia,United States,,
343 Studios,2023-01-19,95,Microsoft Game Studios,Console,Washington State,United States,,
The Coalition,2023-01-19,,Microsoft Game Studios,Console,British Columbia,United States,,
Bethesda Games,2023-01-19,,Microsoft Game Studios,Console,,United States,,
Riot Games,2023-01-19,46,Tencent,Online,California,China,,
Unity Technologies,2023-01-17,300,Unity,Tech,California,United States,,
Wizards of the Coast,2023-01-03,15,Hasbro,Console,,United States,,
PlayTika,2022-12-22,600,PlayTika,Mobile,,Israel,,
Gamigo,2022-12-21,50,Media and Games Invest,Online,Washington State,Sweden,,
Age of Learning Inc.,2022-12-08,128,ABC Mouse,Online,California,United States,,
Spokko Studio,2022-12-06,,CD Projekt,Mobile,Poland,Poland,,
Wildlife Studios,2022-11-29,300,Wildlife Studios,Mobile,Brazil,Brazil,,
Lilith Games,2022-11-19,,,Publisher,China,China,,
Amazon Luna,2022-11-17,,Amazon,Tech,Washington State,United States,,
Tencent IEG,2022-11-15,,Tencent,Online,China,China,,
Kabam,2022-11-10,35,,Mobile,Canada,Canada,,
Onoma,2022-11-02,200,Embracer Group,Mobile,Quebec,Sweden,,
WIIMO Games,2022-11-02,,,Mobile,Texas,United States,,
Xbox,2022-10-18,1000,Microsoft Game Studios,Publisher,Washington State,United States,,
Playdots,2022-10-14,65,Take-Two Interactive,Mobile,New York,United States,,
Mighty Kingdom,2022-09-28,,,Indie,Australia,Australia,,
Booyah!,2022-09-22,35,Sea Ltd.,Online,California,Singapore,,
Garena,2022-09-09,700,Sea Ltd.,Online,Singapore,Singapore,,
Wushuan Studio,2022-09-06,,ByteDance,Online,China,China,,
Lockwood Publishing,2022-09-02,34,,Publisher,England,United Kingdom,,
Mino Games,2022-08-26,,,Mobile,Quebec,Canada,,
Ludia,2022-08-04,200,Jam City,Mobile,Quebec,United States,,
Uken Games,2022-08-01,,,Mobile,British Columbia,Canada,,
37 Mobile Games,2022-07-29,130,Sanqi Interactive Entertainment,Mobile,China,China,,
NetEase Spark Studio,2022-07-14,,NetEase,Publisher,China,China,,
LineKong Interactive,2022-07-01,50,,Online,China,China,,
Unity Technologies,2022-06-30,150,Unity,Tech,California,United States,,
Niantic,2022-06-30,90,Niantic,Mobile,California,United States,,
IGG,2022-06-30,598,IGG,Mobile,China,Singapore,,
Archosaur Games,2022-06-30,304,Zulong Entertainment,Mobile,China,China,,
101 Studio,2022-06-28,150,ByteDance,Mobile,China,China,,
Intellivision,2022-06-28,,,Tech,California,United States,,
Adjust,2022-06-27,,App Lovin,Mobile,California,United States,,
Friday's Games,2022-06-21,50,,Mobile,Russia,Russia,,
Plarium Krasnador,2022-06-15,500,Plarium,Mobile,Russia,Israel,,
Game Insight,2022-06-15,600,Game Insight,Mobile,Russia,Lithuania,,
101XP,2022-06-02,,,Mobile,Russia,Russia,,
PlayTika,2022-06-01,250,PlayTika,Mobile,"England, Quebec",Israel,,
Penguin Esports,2022-06-01,,Tencent,Online,China,China,,
Hangar 13,2022-05-26,87,Take-Two Interactive,Console,California,United States,,
Tencent IEG,2022-05-25,50,Tencent,Publisher,China,China,,
MPL,2022-05-22,100,,Mobile,India,India,,
Electronic Arts,2022-05-18,200,Electronic Arts,Publisher,California,United States,,
Wargaming Minskj,2022-04-04,,Wargaming,Publisher,Belarus,Russia,,
PlayStation,2022-04-01,93,Sony Entertainment,Publisher,California,Japan,,
Gamigo,2022-03-28,,Media and Games Invest,Publisher,Washington State,Sweden,,
Playgendary Minsk,2022-02-01,200,Playgendary,Mobile,Belarus,Cyprus,,
Perfect World Games,2022-01-27,1000,Perfect World Co. Ltd.,Publisher,China,China,,
Heartbeat Network,2022-01-15,600,,Publisher,China,China,,
Baidu MEG,2021-12-22,,Baidu,Online,,,https://www.superpixel.com/article/19696/baidu-rumored-have-its-entire-game-division-sacked-despite-having-just-announced-series-games-development-this-august,
Might and Delight,2021-12-21,25,,Indie,,,https://www.mmorpg.com/news/might-and-delight-down-to-10-developers-after-layoffs-book-of-travels-development-to-continue-slowly-2000123927,
Lockwood Publishing,2021-12-09,20,,Publisher,,,https://www.gamedeveloper.com/business/avakin-life-developer-lockwood-publishing-accused-of-unlawful-layoffs,
Tanwan Games,2021-11-28,,,Online,,,https://finance.sina.com.cn/tech/2021-11-25/doc-ikyamrmy5058272.shtml,
Nintendo,2021-11-01,,,Publisher,,,https://www.pocketgamer.biz/news/77453/nintendo-closing-offices-in-california-and-toronto/,
Ohayoo,2021-10-20,100,ByteDance,Online,,,https://www.scmp.com/tech/big-tech/article/3153335/bytedance-gaming-studio-lays-dozens-employees-amid-beijings-gaming,
Cryptic Studios,2021-07-01,45,Perfect World Co. Ltd.,Online,,,https://mmos.com/news/magic-legends-shutting-down-in-october-cryptic-employees-laid-off-following-announcement,
Bandai Namco,2021-04-20,90,,Publisher,,,https://www.gamespot.com/articles/bandai-namco-is-closing-its-santa-clara-office-and-moving-to-southern-california/1100-6490410/,
Activision Blizzard,2021-03-15,50,Activision Blizzard King,Publisher,,,https://www.shacknews.com/article/123309/activision-blizzard-hits-esports-division-with-over-50-layoffs,
Hardsuit Labs,2021-03-01,,,Console,,,https://www.ign.com/articles/hardsuit-labs-undergoes-layoffs-after-vampire-the-masquerade-bloodlines-2-delay,
22 Cans,2021-02-16,,,Indie,,,https://www.gamesindustry.biz/peter-molyneuxs-studio-22cans-suffers-layoffs,
Stadia Games,2021-02-01,150,Google,Online,,United States,https://www.businessinsider.com/google-gaming-layoffs-blindsided-staff-2021-2,
Big Huge Games,2021-01-15,32,Nexon,Mobile,,,https://technical.ly/startups/big-huge-games-layoffs/,
DoubleDown Interactive,2021-01-08,55,,Mobile,,,https://www.geekwire.com/2021/doubledown-interactive-lays-off-55-employees-seattle-office-following-delayed-ipo/,